<?xml version="1.0" encoding="UTF-8"?>
<!DOCTYPE hibernate-mapping PUBLIC "-//Hibernate/Hibernate Mapping DTD 3.0//EN" "http://hibernate.sourceforge.net/hibernate-mapping-3.0.dtd">
<hibernate-mapping>
    <class name="org.springct.Student" table="student">
        <id name="sname" type="String" column="SNAME"></id>
        <property name="email" type="string" column="EMAIL"></property>
        <property name="phoneno" type="integer" column="PHONENO"></property>


                
    </class>
</hibernate-mapping>
