<?xml version="1.0" encoding="UTF-8"?>
<!DOCTYPE hibernate-mapping PUBLIC "-//Hibernate/Hibernate Mapping DTD 3.0//EN" "http://hibernate.sourceforge.net/hibernate-mapping-3.0.dtd">
<hibernate-mapping>
    <class name="org.springct.Course" table="course">
        <id name="name" type="string" column="NAME"></id>
        <property name="profname" type="string" column="PROFNAME"></property>
        <property name="description" type="String" column="DESCRIPTION"></property>
        <many-to-one name="stud" class="org.springct.Student" column="FK_PHONENO" cascade="all"not-null="true"></many-to-one>
        
        
    </class>
</hibernate-mapping>
